{
	"id": "49d41224-0d85-4988-98a7-a69a172b30c8",
	"name": "IL - SAND",
	"values": [
		{
			"key": "api_url",
			"value": "https://platform-integration-api.sand.eshopworld.net",
			"enabled": true
		},
		{
			"key": "sts_url",
			"value": "https://security-sts.sandbox.eshopworld.net/connect/token",
			"enabled": true
		},
		{
			"key": "order_code",
			"value": null,
			"enabled": true
		},
		{
			"key": "scope",
			"value": "checkout.preorder.api.all",
			"enabled": true
		},
		{
			"key": "client_id",
			"value": "gocasual.checkout.client",
			"enabled": true
		},
		{
			"key": "client_secret",
			"value": "ZYt8&KG[@;5hb!1x^-:on?9&=^!O{}@B",
			"enabled": true
		},
		{
			"key": "auth_access_token",
			"value": "",
			"enabled": true
		},
		{
			"key": "auth_expires_in",
			"value": "",
			"enabled": true
		},
		{
			"key": "user_initials",
			"value": "AC",
			"enabled": true
		},
		{
			"key": "paymentid",
			"value": "",
			"enabled": true
		}
	],
	"_postman_variable_scope": "environment",
	"_postman_exported_at": "2021-02-11T14:27:18.584Z",
	"_postman_exported_using": "Postman/8.0.5"
}